model_type,split,run_id,accuracy,precision,recall,f1,roc_auc,pr_auc,brier_score,ece,support
xgboost,train,20260727_041036,0.6066120502845179,0.2810193803911679,0.5900426698227801,0.38071553097100597,0.6465291113934569,0.33594636901741054,0.2345084398984909,0.2818769695501163,313337
xgboost,val,20260727_041036,0.5596843715239155,0.25223230757877646,0.574260752688172,0.3505101779213454,0.5913189259768306,0.27109286538814814,0.24458566308021545,0.288127198315498,57536
xgboost,test,20260727_041036,0.4303817412442604,0.22626125360964838,0.7245430809399478,0.34483651331969867,0.5735388869516016,0.25950590164627396,0.26440203189849854,0.3191856418109835,44428
lightgbm,train,20260727_041044,0.5871441929934862,0.26729341839249615,0.5826766748684088,0.36647322412399913,0.6254369093091205,0.3099593982381715,0.23783181911972112,0.28413393326163344,313337
lightgbm,val,20260727_041044,0.5502641824249166,0.2511044605956962,0.5920698924731183,0.35264685279695784,0.5947316554363967,0.27317406351368106,0.24536370172203986,0.2899653131914142,57536
lightgbm,test,20260727_041044,0.41750697758170524,0.22707794969088352,0.7552219321148825,0.34916882528984233,0.583736443269854,0.26882019932348494,0.2646365511747397,0.32089762286137163,44428
random_forest,train,20260727_041051,0.6152704596010047,0.2868160145311436,0.5901672532469555,0.3860265656195249,0.6447009751782743,0.3457570885819249,0.23598643175486486,0.2848801815354638,313337
random_forest,val,20260727_041051,0.5735539488320356,0.2584518892458314,0.5677083333333334,0.35519814990013665,0.5982305432414434,0.2741506565478529,0.2445071455580719,0.2889547633419408,57536
random_forest,test,20260727_041051,0.43549113171873594,0.22975915090488502,0.734769364664926,0.3500570125427594,0.5862218664381244,0.2676310473712844,0.2623671810518759,0.3177167959622268,44428
